"Twin","RMSE_mAge_BernabeuE2023c","RMSE_mAge_CBL_common","RMSE_mAge_CBL_specific","RMSE_mAge_Cortex_common","RMSE_mAge_epiTOC2","RMSE_mAge_HannumG2013","RMSE_mAge_HorvathS2018","RMSE_mAge_LevineM2018","RMSE_mAge_LuA2019","RMSE_mAge_LuA2023p1","RMSE_mAge_LuA2023p2","RMSE_mAge_LuA2023p3","RMSE_mAge_McEwenL2019","RMSE_mAge_PCHannumG2013","RMSE_mAge_PCHorvathS2013","RMSE_mAge_PCHorvathS2018","RMSE_mAge_PCPhenoAge","RMSE_mAge_ShirebyG2020","RMSE_mAge_ZhangQ2019","RMSE_mAge_ZhangY2017"
"dizygotic_twinpair_1",12.4957001384882,14.7336813554662,1.39289528849693,25.0413279302418,1376.29694264248,6.75465248036238,2.74501738895176,29.852833582397,59.0783210623569,24.5255303562948,8.70672177519825,15.0848758736058,45.1715657256959,8.4007933969805,8.5049554620139,13.4161714505028,17.6966124516755,4.85099116849076,13.1980469528299,66.0208567012328
"dizygotic_twinpair_11",7.53026079005761,7.44754268241367,7.99721488657625,19.2707178927354,1023.34744360946,7.83444362044453,2.85483122104624,26.3616174569481,44.4850341994203,11.883222586204,5.29034524385941,3.90586942176949,34.6640807572577,14.6333078076536,0.696295686982025,4.37915867202408,25.5221181138804,3.33662431163436,6.13605401617002,51.8287006553282
"dizygotic_twinpair_12",4.08971753769651,4.00178513323737,14.9509703151699,11.3181821073303,1149.31288702731,2.95255524074255,5.40117877640763,18.9791023220562,36.7568244011437,8.29941988645118,8.54799647349217,4.33009812174765,26.0565565734497,20.7811632923595,4.09694524203691,2.58802088326673,30.570308633738,9.70410310890091,2.73978369606595,43.996770433966
"dizygotic_twinpair_13",5.63427051509864,5.47594583691237,8.80479117427905,18.3325114326222,1862.79463978695,3.61361381039435,8.00823455284185,17.9618890389805,50.0183921878497,19.0539205316432,1.89217760158896,3.72597476420663,34.8201834198559,20.6843316981863,3.08675784781263,1.87343089472175,31.050092372136,11.4365638841766,4.84905533582821,57.0940686301464
"dizygotic_twinpair_14",10.8738481294856,13.1533066863776,4.25531476958478,25.7787597861341,1791.88710420651,10.9398928892232,2.76419147857735,27.3963523771439,57.3495189216049,23.4685015355924,6.40651274701644,10.975972031968,43.5779475387112,12.9573117894434,5.16057999234233,3.95969812020086,25.0770302909594,4.82881834943597,11.7912009166028,64.5519536128098
"dizygotic_twinpair_15",14.452573480843,10.4646059034177,7.67075060487156,17.6014792677402,1144.94433500361,20.2843165539981,2.10552106480746,33.0205313488331,57.8678101931551,16.4731165707334,2.22538979210709,8.61728156234821,50.9424610794103,4.45352725199868,6.14698076968435,14.3266354651376,10.2649663879727,2.45479915838712,15.2010711825823,64.9270352725669
"dizygotic_twinpair_16",8.51206775895893,11.8173716187837,6.0073222729905,19.9535516968379,1494.75524803095,2.60798578266604,6.51824518754077,21.4173027727331,55.1095614350545,20.9723008624864,3.88235943741855,10.6865063183468,40.4385049668005,14.7182328888518,3.27975022485794,6.0567883560473,25.7618421436278,8.29958588606138,8.30313418088507,62.1397828478432
"dizygotic_twinpair_17",5.13466156690702,3.97615623813174,6.71387145796229,17.9797372447115,1855.14302734806,3.65525517280185,9.0106463889226,20.3824580148797,53.8861774063624,21.4867000153615,3.92741180937176,12.3985216049166,39.3555621741604,17.4472310661923,3.67708204662035,7.65607024557082,26.5740786376441,6.99547188504105,4.43090898249314,61.1352729225536
"dizygotic_twinpair_18",10.5247938432258,6.13110865252086,4.22250955878032,20.8578777916192,2212.88825675174,4.60348887383545,3.35020911941152,30.3671193423042,59.0203074782188,24.0274626091824,3.05179014632101,12.1631905705799,46.2986329093257,9.1846501674973,7.07822484710456,14.6119869123857,17.7934014356573,7.41532622829436,9.92096230318117,66.1381234539209
"dizygotic_twinpair_19",11.0221447788214,7.62363762754579,4.20396633228024,18.7840576868267,1430.88636874241,8.20578845163516,7.12158679598698,32.9131251926844,55.7400747096137,21.6031630377465,6.77352340743098,14.3929552900841,41.1489894122979,11.9295078335241,3.92342532923145,11.0260533554356,23.3445770878948,6.88869946411149,10.1252598554424,62.906343890822
"dizygotic_twinpair_2",2.73541067550344,2.42135782572202,5.15866619028109,8.24456060800373,542.044506585942,8.81670312407347,9.38312004632509,22.7821580752943,37.9155213490021,6.1396247095974,18.3549273182084,12.9018669218041,34.1581795300497,18.8756534607094,12.5235272129772,3.08377806072365,22.4764760768651,9.22883166562842,2.8461128283222,45.3881736891152
"dizygotic_twinpair_20",4.52162444264162,1.65692155852989,12.218082865569,12.2658852149393,1410.74903470899,3.62945673420909,10.3966832805962,22.5859628282231,45.3660394242148,15.442887533877,3.07013037033067,3.04296380009776,32.780041577507,18.4778352161963,2.21756170558623,4.73702649160407,26.752853784582,10.9469873833949,4.6396644526647,52.7267714313359
"dizygotic_twinpair_21",8.5711797377511,12.2011795438441,6.12188717926863,23.5727661527246,925.726467336096,7.56407047154265,7.23302528034411,26.9630976067775,53.8299145335668,19.1681236533136,4.50737096311555,7.58416351146038,38.2947295518157,12.1655272750644,4.53342332087374,7.80474584979728,24.5255276954257,4.52576964411041,9.30724586229601,60.9396972781801
"dizygotic_twinpair_22",14.2162042433305,13.4002956920563,8.70042139842166,20.2760626520411,1005.82611266254,18.9769806045368,4.4170693222828,33.7609365048586,51.5103164545522,14.157869718899,4.06667589480474,5.80393331002352,42.8688634900314,8.13033598682777,4.8946794772714,14.5512361651786,17.8060235948415,3.26011067331078,14.1873318129784,58.6447350907995
"dizygotic_twinpair_23",13.8299404450988,10.8386536452532,2.49143306269661,21.8653995534652,1244.59906916948,7.92633795756414,1.22132166368272,30.480868126897,60.8166767865283,23.0039924679671,5.4122828258268,10.8668675718387,47.2966475217715,6.79312593409511,6.05644302748421,11.9626460506211,17.2641556203891,4.2710049262489,13.50934444386,67.7433357792743
"dizygotic_twinpair_24",8.7497308319731,8.05930579968194,3.38258974488307,18.0133092113276,1861.39065980634,3.87730228449044,7.33437205433633,24.822030046165,55.036749265373,21.3794141015233,4.51744610310692,9.94257591400909,41.2626724348393,16.275374169434,3.36615600004794,1.8185339729734,25.2216797684229,8.27329478457748,9.4323387543998,61.9984305166038
"dizygotic_twinpair_25",9.39679755870822,6.98169883123564,8.03083194423025,19.7398885934613,2023.99568085281,4.27764890602403,6.36819912341724,24.8853018507783,50.7627085514428,22.4229271703818,3.94110591295433,10.5489287480667,38.4101047761484,15.1353347707952,2.27961217211734,8.29235565152567,23.6966455408096,7.18066926773691,7.90197232058132,58.0617793732306
"dizygotic_twinpair_26",5.72129519981989,4.81549678478557,12.3743513846874,14.3972447580098,1363.77075618953,5.65863532261953,3.25496250094529,22.6685709930687,41.3575424120522,15.2243887526772,4.49403630982917,1.54976378995918,31.2443886857174,20.008311145629,1.6311635598944,4.76271249565822,29.4305055280088,7.55548301675048,3.81651986450162,48.7941370288154
"dizygotic_twinpair_27",2.73672018605888,3.71549235058851,21.9580680486725,10.1779690384397,1401.78762823544,16.4482594015605,12.7941223647429,10.3539624975585,33.7653898338025,7.77244559064559,12.5025429706847,3.85384879858729,21.3503776130186,29.7572741049024,8.59969083851315,7.27497810856332,41.4316122228463,15.3560720859463,3.30054340738457,40.8493601127821
"dizygotic_twinpair_28",12.2088695305954,10.6599679096492,1.3352939519363,23.8312945188176,1371.74676187202,6.69202021023549,0.782275711841056,22.727385355374,56.2815467828232,23.4512828439569,6.53335807225367,10.3426147660975,41.9549604157619,12.9122825606333,5.47824022427416,9.38967929998505,21.7454529470431,6.68310638570498,12.5943477025514,63.4229118217391
"dizygotic_twinpair_29",8.63372238732781,6.02486041576294,2.6443771017438,14.8492705318269,844.324458920505,14.8382037400695,4.64952547839799,29.4570690637558,51.2019090707224,12.527700449709,2.73908371963639,5.39390771617174,41.9459777513168,10.1935650442039,2.4304876112331,10.3281292416456,20.4436061116008,4.36186052665183,7.96038765182107,58.3743478543517
"dizygotic_twinpair_3",4.35122840014118,1.6732609989175,13.1712294672538,12.6960542828716,1445.48198308349,1.62949537086946,7.47603260649587,21.691281996347,42.4691205760162,11.8446302970503,6.06451640220122,1.10019589681205,32.6240009698982,19.6753877284579,2.66442047353634,2.11348830986353,28.4002988957217,8.97602800612361,4.5445230147508,49.8087757092611
"dizygotic_twinpair_30",11.52588924468,8.57786803262483,5.2976194704201,21.8885140681569,1619.11064035206,3.49443343806704,0.616893223981003,25.2341376728803,54.0763774173205,23.6252788386514,3.87282144221157,10.2687165973713,40.8312008994266,11.1153391117721,5.42959533420132,11.5121252010364,21.7134756677672,7.00171718968831,11.6819251805603,61.3431054132375
"dizygotic_twinpair_31",7.62825043195398,14.9219523856802,2.1489828189716,23.8667730781502,1193.60689324231,7.78721286646886,8.51833059288852,28.8352054674787,55.8571524449553,18.69512756136,2.74388885041891,8.76655017835923,42.1830019020968,11.7804367085247,5.35294236311955,8.83555115337897,23.2133167139832,3.50510580299977,9.7607057896525,62.9555319443121
"dizygotic_twinpair_32",9.86019753075005,13.1900835857533,1.37861817135746,26.5891645272433,2025.89380214326,9.30498859373706,3.96800877448298,28.0087856732582,62.5303302380238,25.5323718719499,7.61129113419017,15.596542897348,49.8901018942722,8.4341051558841,6.39401182758618,10.1429702023879,17.4437020626915,3.45818278040413,11.5332714854818,69.7766031738062
"dizygotic_twinpair_33",8.15943230138651,14.5741118506046,5.21548589636152,28.391908142931,2004.82730215608,4.40814334558976,10.9217135448279,19.9429595623075,62.0100981583282,27.8448488054466,6.95801168874012,15.637614911599,44.4765081423097,15.4278496054959,7.17982148740213,7.57469285674978,27.3325141831565,8.81499243759129,9.79288756622605,68.8189104313068
"dizygotic_twinpair_34",13.0167718949025,13.0093412647706,2.78153085570687,17.9068220270473,1229.49864615009,14.2046903441371,4.28618354266615,32.0535791834496,50.6221356186235,19.8624258605126,3.79822748008171,10.2082627366762,40.5588501345616,10.3643065069412,4.77809900728222,11.6265919142427,19.3448686409045,4.5175086888925,11.5040466372118,57.7244249845109
"dizygotic_twinpair_35",16.216289988161,19.3559661240245,2.22067945250223,29.5946670974609,1450.40538599844,3.68370133939154,0.231407026421721,29.3621160786741,61.3701792100793,35.7705619522593,15.2638011164978,22.3373063299997,42.8320693104278,6.6900732935062,11.6819263765151,14.701729550851,18.6366914831322,2.71722127393076,16.2383585009369,68.4749170476837
"dizygotic_twinpair_36",14.004460626862,15.8124255629544,4.5875314216082,26.5170384724642,932.507102401508,6.33321740640029,5.88829746450072,24.5387564643821,55.5209253877901,22.9868735331893,4.14455140012621,9.91726746073723,40.0613664049016,13.4776034704926,6.84686618230094,5.9091920957402,29.425344900985,9.40048748989151,13.3871769637827,62.1682152367995
"dizygotic_twinpair_37",6.00637537328115,4.61786226638938,8.92873007819335,15.8666889542694,1939.90988007453,7.61267259871329,9.45187829376312,22.5922897109128,56.0040454004156,21.1915690354611,5.33255619709843,14.3760190452112,41.5815200977888,14.4209787376639,2.1609334933778,7.07845071594154,26.4624605569926,11.3054659197533,6.44594383012695,63.2380449333247
"dizygotic_twinpair_38",14.3766660801917,5.62388832742881,10.7532692073579,6.11185102655049,914.411384240354,21.7833200356775,3.75855730788798,35.2295198425106,57.9309782831315,8.31051762469762,7.29080198178287,2.18870344726058,54.1644423637768,4.27584824436946,1.665011666642,11.2017528993658,8.08062018356077,4.32883744510533,14.8663472062862,65.1581298902004
"dizygotic_twinpair_39",11.9796176533562,13.1866735831561,5.72863704599468,25.9713257126562,1430.99031995873,7.47558897665388,6.80103700885924,26.5081513908594,60.7591354853,26.2967911278229,8.42515084011205,15.9960911019665,42.8038179174065,13.0983990001693,5.91616842255006,4.00010112529082,25.2955026013626,5.20051122482996,11.4958899385463,67.8494155984143
"dizygotic_twinpair_4",15.4319308755149,6.32067366834079,6.29467306716206,13.1093762613432,1037.08984187321,18.5087723209072,3.044580900526,32.0327746304916,52.8137982692578,16.2304383815507,4.744725962816,6.22869566587861,46.2696293068096,6.64199553020951,6.01573231239086,14.8842647761267,14.6046999253955,4.0761037229773,13.2970407230017,60.0717859446582
"dizygotic_twinpair_40",8.86673565774365,4.12220354741638,14.8636181954326,19.4770147007694,1374.1510805839,5.45555360372291,8.01302587592036,21.1621477575005,47.7809174291169,19.0607376644621,3.40205023422895,7.48028638062347,30.5889064997588,20.1794068536775,1.20236052419561,0.707488432803791,30.6734225641152,5.96277564516727,6.95003407244299,55.0501860973392
"dizygotic_twinpair_41",1.66407282685325,2.00567446215652,17.0046536910134,14.7340410782939,2133.28962259104,9.0717266741143,15.3989592934499,11.9378819247097,44.6094834648793,15.0716520923731,7.56987970763326,1.750468226722,28.8750408725296,26.5139754405223,5.25526779257244,4.19869718604526,37.5431874223221,14.7490994491817,0.822474205944265,51.7740176606964
"dizygotic_twinpair_42",6.52710881410571,1.98685029645156,12.2450224963685,12.4895890206182,1263.80524691306,5.04403666275209,4.02269939668946,22.7097379300901,39.4201599545748,9.90185529472677,7.85842807980813,3.64115060765928,31.6323847624739,19.389679202783,4.49147295725397,5.14080735160043,27.8262429296945,7.02052013151572,5.21124538779719,46.6296069390044
"dizygotic_twinpair_43",9.80548798973804,6.22511397942776,13.2432514773014,14.0434005064075,1570.31477482256,14.9721063486989,15.4346067088974,27.4255014642336,50.6027701612044,19.0775245210008,2.04153542557571,8.69930331766241,38.9070191729481,17.9459457027664,7.64975379762574,13.4806768793052,26.7035863252417,8.8397122890176,7.014204387892,58.0823545471484
"dizygotic_twinpair_44",5.36581786569737,2.07522203233289,16.620197619031,12.1020731649237,1233.29299035415,10.9119143765891,7.92471915657094,23.2508704009124,38.7985269382492,9.48339396232744,9.025636388503,3.22062726066295,30.1396758194961,21.4795088772225,5.48724261888473,6.28070874808294,31.6773512369646,10.0523862925738,3.3698749913128,46.1610956605865
"dizygotic_twinpair_45",2.95001377592335,7.31552619627709,19.405413332434,9.19707148221683,1100.01596907361,15.8454478163555,15.5266475585244,16.6318596057363,35.2839502062108,8.23160396422808,9.9710268425168,4.27683745038685,22.0630296180289,28.9417310387114,10.3451436707576,8.41287488119866,38.9748475105282,16.9766861110004,3.67494698158033,42.6029479146598
"dizygotic_twinpair_46",4.49128064895927,6.20250237935597,8.46675569022076,17.5097462762645,1215.79611122414,1.93113257464825,5.97607595187719,22.2992602474029,47.1151412777827,13.824186504353,6.96075584976238,3.42119146271408,35.8337915295266,20.927828079842,3.47155088114756,6.27628379132977,30.2425729568264,9.07952740768956,5.76605570837882,54.0782285877236
"dizygotic_twinpair_47",8.62760970574779,9.02933009957916,5.62625124997463,15.9669247674627,1046.43237135892,4.37980826774024,3.02829880160927,26.9281474835589,47.279751404953,18.0580485351806,2.703178147084,7.99984443123961,35.3327358067162,14.5318611946234,3.96464071555181,7.81184262796394,24.637176879611,4.7949227466495,6.76243518637131,54.3882574121251
"dizygotic_twinpair_48",2.32357316732108,8.71313927590361,19.1759979857772,4.313339946297,1425.18480510126,6.04874194855983,8.54827845823961,16.8041956523322,32.5806080243963,1.14410852397741,18.278277503955,12.8221145049302,25.1843686427963,29.4529797271985,11.7968319110545,7.27438570064217,34.6482911973683,17.2370948756189,1.86715258979681,39.6958410475224
"dizygotic_twinpair_49",9.39807164613427,6.63502088081601,0.580719075606411,18.9051526684197,1428.38659436489,7.82367519643246,6.72014665159227,21.7876080845707,55.6723354238726,13.0732933846606,1.93370363860208,7.48243472844673,43.9621118278021,14.7622093297344,2.61374240156622,4.19793624911108,25.6135572476048,7.90789491055288,9.0897851959098,62.6467241492877
"dizygotic_twinpair_5",1.95896719200888,2.34078987138031,15.340425099257,13.7833417672599,1484.01264767346,11.0127830163612,5.87397603687769,17.2486175210772,38.3824440041095,11.2571016113628,6.22496811526454,1.71514858129193,25.4925667410229,26.4035405995068,3.81770459016735,5.4321536869687,38.9237336375643,12.3613626917874,1.63667769516074,45.3169929203629
"dizygotic_twinpair_50",7.53198369957349,7.7237502937257,2.94562300125445,21.094618601303,1637.74734937958,6.23260861711259,8.30791278034834,22.6095582792744,58.1520453619478,25.309360555474,6.88773159817883,11.9595767414026,42.510906948841,10.9125017264517,2.33325000618482,6.88361877325951,23.0428935209362,7.73681995450797,6.57593081553581,65.3774540062332
"dizygotic_twinpair_51",14.7113975937261,11.3199534717878,4.50522265633141,21.7659773054952,1506.16096558505,12.0920734665193,6.8773769449133,33.8175910621757,57.3206368862083,25.488888389063,9.23148581201033,15.9726964793688,46.1170677000597,8.530998856581,7.27951020991434,17.7579810373845,14.8236259900134,4.52723968902032,13.4753915587344,64.7560850719265
"dizygotic_twinpair_52",10.425437790431,7.65255789201213,2.17979041436414,26.3153152192228,2226.89736661136,3.24020852388803,9.36990209446471,25.0206854248147,66.8358715587466,28.517390834357,11.5093900124454,19.6194395033925,47.0708807733465,8.08349808688959,5.98517935556774,10.874945716841,19.5994279435988,8.12869608572776,12.3246828650152,73.8973303035001
"dizygotic_twinpair_53",15.6128942040102,9.37462884242588,3.03359151097394,23.1228316663075,1489.22168298996,13.1940615486534,1.68532264568511,36.6555819033082,64.5685783247358,30.6260202689607,12.6490902029813,17.3750251940504,50.7425333884934,0.716908526427747,13.1498838448839,23.1990681378683,9.97075514460792,2.4782145527477,15.5867868008533,71.8615236586899
"dizygotic_twinpair_54",7.29507093119342,3.33944354664664,8.4205915923247,15.194423620373,1604.49420974572,2.99087397821545,3.92881236322763,24.8881143074378,43.7914138179082,16.2541564181355,1.5262164552254,3.87576615391868,35.2202364556437,16.4691733422672,2.79109761902912,6.72278855981372,25.4297913350548,7.63123768534871,6.72638317763375,51.0573314477562
"dizygotic_twinpair_55",11.8674592583546,6.91759644109201,6.3543243901353,22.5303343379928,1920.36778272532,3.75422871675927,8.62974304687123,24.3969441309432,57.273197196849,27.9731908478226,8.12051531519664,14.9777984658717,40.0864275776561,14.5738324797635,4.65209915899037,7.17599333863686,24.7584551994797,9.74513951097826,12.185165816251,64.3673858409999
"dizygotic_twinpair_56",7.06460386268212,2.77194778425611,12.5613751918369,12.4063560868262,1622.9393583318,1.11942707541097,5.37003666958908,19.9927051290909,39.7032366119849,12.9552114178147,3.6025811457868,4.18989205459427,30.4217452565165,21.5198188368342,2.81786951886793,2.41953678330882,32.9408673565802,8.23001514004026,4.38260489945372,46.9627379409572
"dizygotic_twinpair_57",6.13262348467997,2.23732302324691,6.09749873766272,18.3883048630497,1786.95501579951,3.52716858446058,9.0675341022121,24.0029042797524,54.5489918978173,23.8726934799611,4.32161191599402,11.8454917856573,40.6362562996849,14.667618323002,1.9740355171903,7.47134025150671,24.1230522878788,11.858018322409,6.52475238877575,61.6471814384646
"dizygotic_twinpair_58",10.9367027633635,8.3899440137681,5.611269616659,19.7948372539351,1237.33637420658,9.69679111984233,4.15077636394872,28.4988042704523,51.0200857166254,19.8603929054132,4.7890553510039,9.48808611134845,40.7967494828054,12.3471076725582,5.10645874569496,11.7048145038481,19.5740019835391,7.0702169886261,9.98194140571634,58.4014858681388
"dizygotic_twinpair_59",12.8819991739967,9.59690270563489,4.12851521245772,18.1474821892261,692.177339462773,20.8641388312664,5.78679515448258,32.4772130915266,53.0874728059373,21.1644230028589,4.60509350628442,10.6046996526515,41.183634790846,12.024064611941,6.15644631424636,12.9609623375749,24.8612182776948,9.90527990557858,9.27003814779778,60.0141864823002
"dizygotic_twinpair_6",9.52249625751501,11.8612942424837,13.5183984861568,21.7642293359888,2276.08251554116,3.84030267567127,3.04579682539771,19.1179828355425,43.3822397178,18.4304387113362,1.55034716345172,6.52055035406403,29.7368884937923,21.4108152289627,8.05068016800635,4.09797472768793,35.3933163297339,8.246080273172,6.58319061316948,50.3257058843162
"dizygotic_twinpair_60",1.63238950390001,2.99704083820578,16.898549263997,12.0846489910827,1356.10573109124,7.64968151265467,8.99400683735842,13.2368085493182,36.6786502902869,7.39101560062364,9.99389559846901,2.93251562940834,24.7522445503833,29.3242187584433,6.7520633504707,10.0022355443454,42.2358116996042,13.4384169757376,1.49808887558888,43.8097193981554
"dizygotic_twinpair_61",17.7061852272806,15.503526908288,5.09907213179593,25.3539485483798,1268.41738620492,16.24965012585,1.90673465780294,40.9555821889347,65.4790428440967,27.5256261400863,12.1828244647545,18.2855381020883,51.3947330720844,3.47755874010158,11.4926877505552,17.5409087206641,13.25398657733,2.12576353545065,17.8410566516733,72.8084372298115
"dizygotic_twinpair_62",18.6013131494639,19.1959397616089,5.24257996947803,32.0403471840276,1463.76199260569,18.6582813094901,3.9813057123512,36.1869368557159,66.1251221688936,35.9196498133793,17.2262420225786,23.658924173029,50.9528398322107,6.65986467995193,15.244181194882,20.7483184169363,15.4496354534409,5.11390874435675,18.2683233666129,73.4979368677241
"dizygotic_twinpair_63",11.9073876696872,15.44952948097,2.239373326375,30.009940279187,2503.87614946082,4.23261756192429,8.24354792283797,28.4236037270223,68.4357209532986,36.8295746694118,12.5988948540261,18.7707275647845,48.6790170435869,10.4157590653676,11.4850125120041,9.3138547717962,22.6841354422061,4.28988532881461,11.0457380747004,75.4687839913391
"dizygotic_twinpair_64",9.37624553039696,4.99340253733403,7.85918844824483,15.1548529969841,1751.43536684208,15.2688242923266,8.17632755655987,27.6831728574035,53.5945514272757,20.9254970250795,8.378603275166,13.6535571559375,42.6153619832543,10.2454479445616,2.30439366110062,10.9808589788254,19.9340026109718,4.38073661669871,6.73026612855161,61.0887351241815
"dizygotic_twinpair_65",3.8942303582339,3.1705374225368,14.0992375030794,11.1916162735417,913.461508082244,5.98300668634578,5.38910439766315,19.7598729347375,34.9054870553715,6.43057623288867,8.48080478542001,3.24792892425464,25.631521350321,25.1298086027174,7.06193934851576,4.66587987899801,35.8743362718778,7.87895965732819,1.55597705652373,42.0663745259733
"dizygotic_twinpair_7",11.8276014830955,8.48709405451235,8.07035330780523,17.2580376048221,1897.8119641509,9.34088514163343,5.71057649516204,30.0355401641497,64.0134582097378,22.8768547358844,7.63981957451366,13.5953156261196,51.694769302972,10.1619213762024,5.96895500312741,7.56086715657645,19.0371956105357,5.82376910240116,14.4777278340375,71.0354709391111
"dizygotic_twinpair_8",13.7929204235667,10.3424268217947,2.03693814711787,19.4277414952691,1287.36957258192,17.6314014209035,2.26742240155015,34.4761001901406,55.7651338205022,21.9289023220979,7.31301587221134,13.8926136136811,46.1544334373239,7.11467729646371,6.40257144237313,16.7776000892151,13.5445659943382,2.27737364719588,12.2695797198889,63.1036895689447
"monozygotic_twinpair_1",9.88779871531344,13.0848349553693,2.30124733898274,24.5132707654271,1715.38947459853,7.98355825973142,3.47177383779666,27.9446714637639,56.4853607262105,23.584793543098,6.16367788367438,13.7007307240535,43.635962657604,12.7664104571664,4.83817729184651,8.36768850232667,22.2441481287127,5.20240522642609,10.4780420603399,63.8004280139714
"monozygotic_twinpair_10",9.92098178789113,4.1498580783672,7.08224932535708,15.1353112057865,917.046433282967,5.50744749685099,2.20241618181849,25.9932994869311,44.7219341645551,12.0657870864406,2.679794351285,6.93524518705944,36.6314902275441,15.8730714595128,1.71611027383926,5.00547417589488,27.1872413681655,4.23552871854089,6.9875089369617,52.2104121896532
"monozygotic_twinpair_11",10.5973857892549,12.3824663922925,3.75018969254829,21.2374371356865,1037.87714499634,11.7146498800824,5.49112413456522,26.0664246450236,57.4072471589541,16.0955678498739,3.34751018283921,5.81799791988144,48.4879614936752,10.4901367598714,5.30804037865824,1.25482175076227,24.649288892523,8.56567737779943,12.2922142115594,64.1076840587157
"monozygotic_twinpair_12",22.5371868885875,15.521050905738,16.7460411766318,20.3277178949181,953.850371465459,29.4598924911965,4.46191106761587,39.6219070192289,68.5272070805831,25.431326044704,9.30195086899661,17.1580015151559,59.2920465019594,6.55868931409927,13.2768189674734,21.411139546121,10.9760286304115,4.52715918938408,22.3832510255612,75.4910240500252
"monozygotic_twinpair_13",17.352134729141,14.8312835422905,7.83649368670407,23.1242956347886,1125.64597659567,14.29568002905,3.60007111611005,35.6052517414431,63.4470280321708,27.6555254468316,11.3905008191204,17.1763154228197,50.6969756909192,2.98200836674757,11.8930844720307,18.6575988970041,13.0641471899024,0.838330537978362,16.3477094231913,70.5174872157477
"monozygotic_twinpair_14",18.431590307076,13.8346352926947,5.51277038332519,24.737554470185,1284.99622856176,19.7851243290281,6.35570993293926,39.1722693860643,59.7770002825223,25.2042121327519,8.23770522265571,14.4987619153255,51.8820434047295,1.03875740384945,10.4064853373263,20.1609773297623,10.7941490844658,4.09281961891253,19.7598575668646,66.9958956613884
"monozygotic_twinpair_15",17.780503471404,17.7816429445,4.63890794988599,26.3975399926794,1534.3688532393,13.1404360608938,5.26366784305133,41.4781664831014,62.2344819300975,33.5296890951858,14.4713027588872,21.1182422302922,48.3865122421127,2.01781303214425,14.5879257895492,22.3633758182259,10.621405665919,2.46598065650147,17.7724468574362,69.5604912763434
"monozygotic_twinpair_16",11.4220519040022,14.5506367572156,5.98416362123567,23.8176547633785,1006.40886673247,14.1767356131871,4.89795630257645,29.9508102888704,54.2604081580308,20.5985063916794,3.29212014470332,10.0487024501019,40.2181373774692,11.2391358455943,6.65842126615799,11.5335624073811,24.1481345796053,4.70451643079995,11.3268042065407,61.3324240669725
"monozygotic_twinpair_17",16.1886777299671,10.3552933553689,2.29698323887584,18.8104739167827,1186.78402847773,16.4619688391249,1.24631381342415,36.8212070952861,56.2780349842362,22.3071679689731,5.1539095843108,11.604509979887,47.1113539570674,4.66460862216243,8.32849486001997,17.1582533926545,13.2199523966006,3.13506686234315,14.4448837816094,63.5859127590136
"monozygotic_twinpair_18",4.39635050366204,2.37073235263277,14.780465020283,12.1845626187825,1694.82953898188,8.64018389620529,8.14974144311839,18.7848862975944,42.4232310519432,12.5081658177987,8.37519753570131,3.2755858236287,30.0718372801089,23.8667410698208,6.78244792267228,3.29804427531216,34.106542169697,12.6117234399761,3.57843738171594,49.5873335993292
"monozygotic_twinpair_19",7.58836611019143,5.67635047342548,11.296631214425,15.5664938010009,2118.92117559628,3.92252071696394,3.33743437043867,23.3174687282561,44.7267438243533,18.1762318403521,2.24932333927408,5.15633760133861,33.8661738503818,19.1622091556279,2.2671512251009,4.25870998355141,29.9778324265373,10.2636246761505,6.57996186786068,52.0604804555419
"monozygotic_twinpair_2",20.0347325190392,20.879033378762,11.5378222458922,31.644543248881,1247.17867377593,20.5942293251704,6.67184606526206,38.6982393255423,68.7561352562568,32.1429699440323,17.4231854258319,23.2654686553924,56.9444954149546,4.64712303283741,17.4733200482567,23.5298969184105,8.87673912115822,5.92762840080718,19.749333376202,76.0253607974947
"monozygotic_twinpair_20",9.79106117236824,3.63813126986649,4.65746575661291,19.5090940416893,2444.35363994631,3.41959936408362,4.65831702082223,26.8578667876096,56.5977494690233,24.2114794813626,7.12969136760715,13.5322302492658,43.0676481107198,13.713902801413,5.13389296535726,6.95988305479497,24.6576544230245,9.32110457956706,9.99279152142323,63.7138627133452
"monozygotic_twinpair_21",1.87243402200959,5.39843654614347,11.9372841003153,18.1986528300266,1241.73021509522,8.63967149988848,10.928935276113,17.427590665538,48.0264168362462,17.1513995612915,3.57826087474102,4.16746256649402,34.1734099232059,20.6335373929852,2.84526939147327,0.312689119908159,31.5450128514319,11.4440213859297,2.87619229632187,55.0551617201733
"monozygotic_twinpair_22",3.23255259102344,4.91402157672304,17.1712614756446,13.3366054676477,1273.87807945618,5.14733272692798,8.16199481969867,14.667826937568,39.5182760751877,13.543949752283,5.15667910352362,1.45478066346569,27.4564507169845,22.8523099885692,3.91905934692312,3.66763325052204,33.3555067349985,10.8850339992295,1.48972366893954,46.8743090287817
"monozygotic_twinpair_23",3.70024950336103,6.71861609863759,9.50829209849782,19.2835625526062,1726.03335723088,5.55362807885803,11.9786862990362,27.8775415931191,52.2477154685586,23.8013107069603,4.07537849162788,10.2217497717728,38.6800418083534,13.3525798008849,1.14184320111749,8.05986285813309,24.4232794334086,7.77715322235359,4.42543845201756,59.5476313440671
"monozygotic_twinpair_24",17.3989305489044,17.2457577305283,9.64757553215976,27.1919768871648,1009.14860700947,14.9312295116818,3.31963683773252,37.254409300233,66.1197762780904,28.7499606438145,14.702216711365,20.600012701307,50.3808509650505,3.65699144801546,12.007017660661,15.7619145929617,12.8943057125129,1.50634236881458,17.7387890896441,73.2928253973317
"monozygotic_twinpair_25",12.7525748126539,6.44785430847153,3.40058193738823,22.8820016446351,1668.53242012605,0.687649203402294,3.15575072319054,26.3220209153338,59.3404898453598,29.5949585216959,9.638271420245,15.9005595104444,44.4475113624608,13.5441840100419,4.32649047798192,9.88733978415451,23.6063016628461,6.90674127786089,12.3268795773231,66.5191322034623
"monozygotic_twinpair_3",14.6883378552643,11.5898113754159,12.1819130601639,20.1092980691673,1549.89513604506,22.3501755766148,7.82492332323923,31.303444310306,61.7343032087699,20.0829454243591,5.42576073546252,11.0017507233923,52.1684359759834,7.89187239756022,4.02534347940394,12.0949834345493,14.9465613211853,2.47276969453029,14.2248700917202,68.8343778942805
"monozygotic_twinpair_4",16.9923364672597,13.0283807857411,6.30127055231485,26.869303084962,1331.14649671071,13.3685283931012,6.78502799949183,32.0465838633908,59.2681248262976,28.110488210588,11.8271873715416,17.8801591087557,47.3685788031321,7.2212001667906,10.8530178165963,18.1939699737485,16.5666499473649,2.71397164186473,16.1719188105218,66.4559505696259
"monozygotic_twinpair_5",6.64645949450244,2.97637513460491,16.7716824729497,15.3384360489988,1843.9825053052,5.82296556690005,3.56902826058147,27.5494569643443,43.1028499646708,19.4278204894664,1.16480257666689,6.16616300274277,31.1049665477017,19.8851463326191,2.49624396001309,6.84851268292652,29.8280604601714,7.55638778780003,5.87080056661938,50.4328783217557
"monozygotic_twinpair_6",8.09215142511942,7.11397546352073,6.76461574998356,17.9955650919926,1354.57616243182,4.23035839236354,3.08115538085585,23.4718999996188,47.1155120507297,16.388721502996,4.00690044007709,6.91882723966513,37.187320885039,17.1751121846774,0.451394455439563,5.70325342590124,28.1442613186805,7.76723909274028,7.93814464489884,54.1898571946563
"monozygotic_twinpair_7",6.48349938647238,5.23370865740385,7.60441546530858,17.8321237765957,1897.6285501578,2.73200190310668,5.30956196733047,24.5429546906833,52.9189212617356,19.600690618684,2.49639419056018,7.27422861822555,39.2658193810625,16.2928552559669,1.01556330840903,4.64594804896851,25.0358762832412,9.12518881130373,7.75375561287305,59.9746104911146
"monozygotic_twinpair_8",13.7661836909237,13.0939042507088,4.02924760958043,25.7428351073742,1334.33024026503,7.24010781609882,1.41930203875241,32.3081869927103,63.8082304925048,26.3552297007052,8.02720390977939,14.6776765405148,48.2010787360529,6.60689401472301,10.785581717026,11.8803684570765,18.5806245385614,2.99118630803617,14.6443472942131,70.5553933499588
"monozygotic_twinpair_9",17.9178445606951,13.8180592731202,6.64030811233165,22.5083130649502,1687.53076192808,13.0434120538631,2.30439437826629,35.9553113930491,65.7039191707593,31.3688974099213,14.0680114660819,19.3036111859143,52.6305494862739,3.40256760064585,10.542117611731,16.4572092353065,11.1301992637528,2.18937617985681,17.1944630173828,72.9267841664627
